movie_name,youtube_video_id,title,published_at,views,likes,comments,release_date,tmdb_rating,tmdb_overview,genres,like_view_ratio,comment_view_ratio,engagement_score,days_before_release,like_view_pct,comment_view_pct,engagement_pct,engagement_level,early_buzz,Box Office Collection,Budget (Cost+ P&A),Verdict
Thamma,Mod_oXpftJA,"Thamma Official Trailer | Ayushmann, Rashmika, Paresh, Nawazuddin | In Cinemas This Diwali- 21st Oct",26-09-2025 12:49,92812577,684721,43982,21-10-2025,7.071,"Two destined lovers battle supernatural forces, family ties, and nature itself to defend their forbidden romance in a mystical world where ancient powers and prophecies threaten to keep them apart.","Comedy, Horror",0.0074,0.0005,0.0079,24,0.74,0.05,0.79,low,0,99 Crore,140 Crore,
Ek Deewane Ki Deewaniyat,y9jtbWNAvXc,EK DEEWANE KI DEEWANIYAT - Trailer | Harshvardhan & Sonam | Milap | Anshul | In Cinemas 21st October,08-10-2025 05:30,48959042,431784,55293,21-10-2025,10,"A musical love story with dark shades of love exploring obsession, heartbreak, and deep emotional conflict.","Romance, Drama, Thriller",0.0088,0.0011,0.0099,12,0.88,0.11,0.99,low,0,54 Crore,40 Crore,
Kantara Chapter 1 ( Hindi),3cYzqzmsWpA,"Kantara: A Legend – Chapter 1 - Exclusive Trailer | Rishabh Shetty, Gulshan Devaiah, Rukmini",29-10-2025 12:30,206353,6313,436,02-10-2025,,,Unknown,0.0306,0.0021,0.0327,16,3.06,0.21,3.27,medium,1,179.25 Crore,125 Crore,Super Hit
Sunny Sanskari Ki Tulsi Kumari,9FUd-D4FWjw,"Sunny Sanskari Ki Tulsi Kumari - OFFICIAL TRAILER | Varun, Janhvi, Sanya, Rohit | Shashank K | Oct 2",15-09-2025 07:30,34580652,312650,16437,02-10-2025,7.75,"Two former lovers in Delhi try to rekindle old flames, leading to amusing mix-ups and deceptions. As chaos unfolds, a new unexpected romance blooms. Who will find their happy ending amid the confusion?","Romance, Comedy",0.009,0.0005,0.0095,16,0.9,0.05,0.95,low,0,58.75 Crore,80 Crore,Flop
Jolly LLB 3,eSgJ8PfSUSk,Jolly LLB 3 | Trailer | Akshay Kumar | Arshad Warsi | Subhash Kapoor | In Cinemas 19th September,10-09-2025 05:45,29904603,263586,8598,19-09-2025,8.25,"The third part of the Jolly LLB trilogy brings back Jagdish Tyagi and Jagdishwar Mishra for the biggest face-off as penurious widow Janki Devi Solanki awaits justice against business tycoon Haribhai Khaitan in a satire on the judiciary, justice and the gulf between the privileged and the people on the other side of the spectrum.","Drama, Comedy",0.0088,0.0003,0.0091,8,0.88,0.03,0.91,low,0,106.5 Crore,120 Crore,Average
Homebound,WojNkusud84,HOMEBOUND - OFFICIAL TRAILER | Ishaan K | Vishal J | Janhvi K | Neeraj G | Sept 26,17-09-2025 05:30,11631895,83867,4362,01-04-2022,4.108,A young woman arrives at the home of her new husband's estranged family to find the children behaving in increasingly unnerving ways.,"Mystery, Thriller, Drama, Horror",0.0072,0.0004,0.0076,24,0.72,0.04,0.76,low,0,2.1 Crore,25 Crore,Flop
One Battle After Another,feOQFKv2Lw4,One Battle After Another  - Official Trailer - Warner Bros. UK & Ireland,27-03-2025 16:00,5072556,37590,3666,23-09-2025,7.7,"Washed-up revolutionary Bob exists in a state of stoned paranoia, surviving off-grid with his spirited, self-reliant daughter, Willa. When his evil nemesis resurfaces after 16 years and she goes missing, the former radical scrambles to find her, father and daughter both battling the consequences of his past.","Action, Thriller, Crime",0.0074,0.0007,0.0081,179,0.74,0.07,0.81,low,0,5.25 Crore,1240 Crore,Flop
They Call Him OG ( Hindi),SuoXS9NwjYk,They Call Him OG Hindi Trailer - Pawan Kalyan | Emraan Hashmi | Sujeeth | Thaman S | DVV Danayya |,22-09-2025 16:52,6780041,190402,6745,25-09-2025,,,Unknown,0.0281,0.001,0.0291,16,2.81,0.1,2.91,medium,1,3.6 Crore,250 Crore,Flop
Mirai ( Hindi),CI-jpAjoakk,"Mirai Hindi Teaser | Teja Sajja | Manchu Manoj | Karthik Gattamneni | In Cinemas 5th September, 2025",06-06-2025 06:30,995658,17907,385,12-09-2025,,,Unknown,0.018,0.0004,0.0184,16,1.8,0.04,1.84,low,1,15.75 Crore,74 Crore,Flop
Demon Slayer: Infinity Castle,x7uLutVRBfI,Demon Slayer: Kimetsu no Yaiba Infinity Castle | MAIN TRAILER,28-06-2025 14:01,11086286,263502,9791,18-07-2025,7.81,"The Demon Slayer Corps are drawn into the Infinity Castle, where Tanjiro, Nezuko, and the Hashira face terrifying Upper Rank demons in a desperate fight as the final battle against Muzan Kibutsuji begins.","Animation, Action, Fantasy, Thriller",0.0238,0.0009,0.0247,19,2.38,0.09,2.47,medium,1,62.15 Crore,350 Crore,Hit
Param Sundari,fdWnfzsx-ks,Param Sundari - Official Trailer | Sidharth M | Janhvi K | Dinesh V | Tushar J | In Cinemas 29th Aug,12-08-2025 08:30,51902702,533830,39636,29-08-2025,6.4,"In Kerala's picturesque backwaters, a North Indian and South Indian find unexpected love. Their cultural differences spark a hilarious and chaotic romance, full of twists and turns.","Romance, Drama, Comedy",0.0103,0.0008,0.011,16,1.03,0.08,1.1,low,0,47.75 Crore,60 Crore,Flop
Baaghi 4,58909OjAfeg,"Baaghi 4 Trailer | Tiger, Sanjay, Harnaaz, Sonam | Sajid Nadiadwala | A.Harsha | In Cinemas 5th Sept",30-08-2025 05:44,9636269,289886,23052,05-09-2025,4.9,"After waking up from a coma, a grieving man sets out to uncover the truth about his missing girlfriend.","Action, Thriller, Drama, Crime",0.0301,0.0024,0.0325,5,3.01,0.24,3.25,medium,1,50.65 Crore,120 Crore,Flop
Nishaanchi,QKem0b7Q40I,Nishaanchi - Official Trailer | In Cinemas - September 19 | Amazon MGM Studios India,03-09-2025 08:15,25342842,16823,579,19-09-2025,8.333,"Twin brothers, identical looks but different values, face brotherhood, betrayal, love, and redemption. Their paths weave through crime into a deeper story of human nature and its results.","Crime, Drama",0.0007,0,0.0007,15,0.07,0,0.07,low,0,1.15 Crore,25 Crore,Flop
Ajey: The Untold Story of a Yogi,W-fmFr-pvIk,Ajey - The Untold Story Of A Yogi | Trailer |  Anant J | Paresh R | Nirahua | Ajay Mengi | 19th Sept,04-09-2025 06:29,19059722,71903,4925,19-09-2025,0,"Follows the personal and spiritual journey of Ajay Mohan Singh Bisht, detailing his transformation into one of India's most influential political leaders.",Drama,0.0038,0.0003,0.004,14,0.38,0.03,0.4,low,0,1.35 Crore,15 Crore,Flop
The Bengal Files,3MfsZFAeNO8,THE BENGAL FILES Official Trailer | Vivek Agnihotri | Abhishek A | Pallavi J | Zee Studios | 5 Sept,16-08-2025 07:30,21914676,408318,39758,05-09-2025,5.5,"A criminal investigator uncovers a web of corruption during a missing person investigation, while a figure connected to the case reflects on the communal violence which broke out ahead of India's partition.","Drama, History, Thriller",0.0186,0.0018,0.0204,19,1.86,0.18,2.04,medium,1,14.05 Crore,35 Crore,Flop
Conjuring 4,bMgfsdYoEEo,The Conjuring: Last Rites | Official Trailer,31-07-2025 16:00,25049106,224075,6656,03-09-2025,6.988,Paranormal investigators Ed and Lorraine Warren take on one last terrifying case involving mysterious entities they must confront.,Horror,0.0089,0.0003,0.0092,33,0.89,0.03,0.92,low,0,80 Crore,484 Crore,Hit
Ek Chatur Naar,t-WME4yy2Wo,Ek Chatur Naar (Official Trailer): Divya Khossla | Neil Nitin Mukesh | Umesh Shukla | 12th Sep 2025,25-08-2025 05:30,20522638,417776,7940,12-09-2025,0,"Abhishek Verma, a fund consultant, gets trapped in a web of lies, deception and blackmail after a good-for-nothing but cunning woman, failing to make ends meet, gets her hands on his phone, which lets slip more than anyone should know, forcing him to comply.","Drama, Comedy, Crime",0.0204,0.0004,0.0207,17,2.04,0.04,2.07,medium,1,2.9 Crore,25 Crore,Flop
Heer Express,ORdm2BEIl5Q,Heer Express - Official Trailer | Divita Juneja | Prit Kamani | Ashutosh Rana | Gulshan G |Sanjay M,15-07-2025 08:01,8791159,87593,812,12-09-2025,0,"After moving to London to open a restaurant, a young woman finds herself encountering new love and new family.","Comedy, Drama, Family",0.01,0.0001,0.0101,58,1,0.01,1.01,low,0,2.25 Crore,25 Crore,Flop
War 2 ( Hindi),mjBym9uKth4,WAR 2 | Official Trailer | Hrithik Roshan | NTR | Kiara Advani | Ayan Mukerji | YRF Spy Universe,25-07-2025 04:38,48544780,741671,40031,14-08-2025,,,Unknown,0.0153,0.0008,0.0161,16,1.53,0.08,1.61,low,1,169.39 Crore,400 Crore,Flop
Coolie ( Hindi),PuzNA314WCI,Coolie - Official Hindi Trailer | Superstar Rajinikanth | Sun Pictures | Lokesh | Anirudh,02-08-2025 15:18,15731918,278728,7917,14-08-2025,,,Unknown,0.0177,0.0005,0.0182,16,1.77,0.05,1.82,low,1,33.15 Crore,400 Crore,Hit
War 2 ( All Languages),mjBym9uKth4,WAR 2 | Official Trailer | Hrithik Roshan | NTR | Kiara Advani | Ayan Mukerji | YRF Spy Universe,25-07-2025 04:38,48544780,741671,40031,14-08-2025,,,Unknown,0.0153,0.0008,0.0161,16,1.53,0.08,1.61,low,1,226.1 Crore,400 Crore,Flop
Vash Level 2 (Hindi),0WL7sUmOYNs,"Vash Level 2 | Hindi Trailer | Janki Bodiwala, Hiten Kumar | Hindi | Netflix India",21-10-2025 14:35,2524664,19458,803,27-08-2025,,,Unknown,0.0077,0.0003,0.008,16,0.77,0.03,0.8,low,0,5.1 Crore,8 Crore,Hit
Saiyaara,9r-tT5IN0vg,Saiyaara | Official Trailer | Ahaan Panday | Aneet Padda | Mohit Suri,08-07-2025 05:30,77990007,801723,31369,18-07-2025,6.3,"Two artistic souls find harmony through music despite their contrasting worlds. As feelings deepen, age and circumstances challenge their undeniable bond.","Romance, Drama, Music",0.0103,0.0004,0.0107,9,1.03,0.04,1.07,low,0,321 Crore,60 Crore,Blockbuster
Mahavatar Narsimha ( Hindi),p7eE_dn9u4k,Mahavatar Narsimha Official Hindi Trailer | July 25th Grand Release | Hombale Films,09-07-2025 12:30,25637897,490015,17554,25-07-2025,,,Unknown,0.0191,0.0007,0.0198,16,1.91,0.07,1.98,low,1,111 Crore,35 Crore,Super Hit
Son of Sardaar 2,HSX_KPfbP1o,Son Of Sardaar 2 - OFFICIAL TRAILER | Ajay Devgn & Mrunal Thakur | Vijay Kumar Arora | 1st August,11-07-2025 07:08,48034755,258627,14238,01-08-2025,4.2,"Years after settling an epic family feud and surviving house arrest in Punjab, Jassi Singh Randhawa returns this time chasing love, not trouble. But when he lands in Scotland to win back his estranged wife, he stumbles into a hostage crisis, a mafia war and the most bizarre Sardaar wedding of the century.","Comedy, Drama",0.0054,0.0003,0.0057,20,0.54,0.03,0.57,low,0,44.45 Crore,150 Crore,Disaster
Dhadak 2,GRq6nXiJdug,DHADAK 2 - OFFICIAL TRAILER | Siddhant Chaturvedi | Triptii Dimri | Shazia Iqbal | 1st August,11-07-2025 09:15,7793979,143937,7983,01-08-2025,7.8,"When Neelesh, an idealistic law student from a marginalised section of society, steps into a prestigious institution, he is thrust into a world that doesn't reflect his own. His friendship with Vidhi offers hope-until a wave of tragedy exposes the deep-rooted hierarchies he tried to outrun. He must confront the invisible forces that shape who we are allowed to become and who we are allowed to love.","Romance, Drama",0.0185,0.001,0.0195,20,1.85,0.1,1.95,low,1,22.65 Crore,60 Crore,Disaster
Fantastic Four,18QQWa5MEcs,The Fantastic Four: First Steps | Final Trailer | Only in Theaters July 25,25-06-2025 13:00,16906656,310172,20522,29-06-2005,5.801,"During a space voyage, four scientists are altered by cosmic rays: Reed Richards gains the ability to stretch his body; Sue Storm can become invisible; Johnny Storm controls fire; and Ben Grimm is turned into a super-strong … thing. Together, these ""Fantastic Four"" must now thwart the evil plans of Dr. Doom and save the world from certain destruction.","Action, Fantasy, Science Fiction",0.0183,0.0012,0.0196,24,1.83,0.12,1.96,low,1,33.5 Crore,1728 Crore,Hit
Superman,Ox8ZLF6cGM0,Superman | Official Trailer | DC,14-05-2025 15:45,36167971,578302,35558,09-07-2025,7.4,"Superman, a journalist in Metropolis, embarks on a journey to reconcile his Kryptonian heritage with his human upbringing as Clark Kent.","Science Fiction, Adventure, Action",0.016,0.001,0.017,55,1.6,0.1,1.7,low,1,46.24 Crore,1886 Crore,Hit
Sitaare Zameen Par,YH6k5weqwy8,Sitaare Zameen Par | Official Trailer | Aamir Khan | Genelia Deshmukh | 20th June 2025,13-05-2025 14:40,88034097,859448,55496,20-06-2025,7.222,A disgraced basketball coach is given the chance to coach a team of players who are intellectually disabled as part of community services. Gulshan has apprehensions at first and feels out of place but soon realizes they just might have what it takes to make it to the national championships.,"Comedy, Drama",0.0098,0.0006,0.0104,37,0.98,0.06,1.04,low,0,161.25 Crore,90 Crore,Hit
Metro In Dino,Wm2R3aJPY2M,Metro…In Dino (Official Trailer) | Anurag Basu | Bhushan Kumar | Releasing in Cinemas on 4th July,04-06-2025 08:31,34409720,445279,16738,04-07-2025,6,"Follows interconnected stories of several different couples, each facing a crossroads at different stages in their lives and relationships.","Drama, Romance, Comedy",0.0129,0.0005,0.0134,29,1.29,0.05,1.34,low,0,48.15 Crore,100 Crore,Flop
Maalik,0itY1Fhvnnk,"Maalik Trailer | Rajkummar Rao, Manushi Chhillar, Prosenjit |Pulkit, Kumar Taurani & Jay S|11th July",01-07-2025 08:14,32051920,249829,11259,01-01-1972,0,"After marrying Rajesh and Savitri must face their many differences, among which the most crucial is that while Rajesh is a devout Hindu and follower of Lord Krishna, Savitri does not believe in God.",Unknown,0.0078,0.0004,0.0081,16,0.78,0.04,0.81,low,0,23.2 Crore,65 Crore,Flop
Jurassic World Rebirth,jan5CFWs9ic,Jurassic World Rebirth | Official Trailer,05-02-2025 13:00,54795540,526391,40606,01-07-2025,6.392,"Five years after the events of Jurassic World Dominion, covert operations expert Zora Bennett is contracted to lead a skilled team on a top-secret mission to secure genetic material from the world's three most massive dinosaurs. When Zora's operation intersects with a civilian family whose boating expedition was capsized, they all find themselves stranded on an island where they come face-to-face with a sinister, shocking discovery that's been hidden from the world for decades.","Science Fiction, Adventure, Action",0.0096,0.0007,0.0103,145,0.96,0.07,1.03,low,0,86.82 Crore,1537 Crore,Hit
F1 The Movie,69ffwl-8pCU,F1 | Official Trailer,13-03-2025 19:03,8218599,176498,5074,11-05-2022,0,Feel the adrenaline and excitement of racing at the highest level in the official movie of the Waffle F1 Championship.,"Drama, Action, Documentary",0.0215,0.0006,0.0221,24,2.15,0.06,2.21,medium,1,87.14 Crore,2565 Crore,Hit
Tanvi The Great,AXxoNlTbzwQ,"Tanvi The Great - Official Trailer | Anupam Kher, Shubhangi, Pallavi, Boman | MM Keeravaani| 18 July",07-07-2025 07:30,400729,4564,266,18-07-2025,7,"Autistic young Tanvi Raina learns of her deceased Indian Army father's dream to salute the flag at Siachen Glacier. Despite barriers facing those neurodivergent in military service, she resolves to complete his mission.",Drama,0.0114,0.0007,0.0121,10,1.14,0.07,1.21,low,0,1.25 Crore,50 Crore,—
Smurfs,s18jQqtGsMw,Smurfs | Official Trailer (2025 Movie) – Rihanna,14-05-2025 13:08,2544024,9701,2800,05-07-2025,5.9,"When Papa Smurf is mysteriously taken by evil wizards, Razamel and Gargamel, Smurfette leads the Smurfs on a mission into the real world to save him. With the help of new friends, the Smurfs must discover what defines their destiny to save the universe.","Animation, Family, Fantasy",0.0038,0.0011,0.0049,51,0.38,0.11,0.49,low,0,0.4 Crore,500 Crore,—
I Know What You Did Summer,9QABNfDhSxs,I KNOW WHAT YOU DID LAST SUMMER - Official Trailer (HD),22-04-2025 13:00,2084583,46956,5508,16-07-2025,5.817,"When five friends inadvertently cause a deadly car accident, they cover up their involvement and make a pact to keep it a secret rather than face the consequences. A year later, their past comes back to haunt them and they're forced to confront a horrifying truth: someone knows what they did last summer…and is hell-bent on revenge.","Horror, Mystery, Thriller",0.0225,0.0026,0.0252,84,2.25,0.26,2.52,medium,1,0.35 Crore,155 Crore,—
Aankhon Ki Gustaakhiyan,JbCwz-1OHWE,Aankhon Ki Gustaakhiyan Official Trailer | Vikrant M | Shanaya K | Vishal M | In Cinemas 11th July,01-07-2025 13:57,11202829,44894,1877,11-07-2025,5.5,"When a blind musician and a theatre artist meet on a train and travel through the majestic Himalayas, they fall in love regardless of their apparent flaws. What happens when life takes over?","Drama, Romance",0.004,0.0002,0.0042,9,0.4,0.02,0.42,low,0,1.7 Crore,25 Crore,Flop
Maa,zwtZj6YB9xk,"Maa | Official Trailer | Kajol, Ronit Roy, Kherin Sharma | Netflix India",21-08-2025 08:30,665113,4985,325,02-08-1976,10,"Vijay lives with his mother in a palatial house deep in the jungles in South India where he makes a living trapping animals for circuses, zoos - both nationally and internationally. He meets with beautiful U.S.-returned Nimmi, both fall in love with each other and want to get married. Vijay's mother cautions them both against separating new-born animals from their birth mothers, but both refuse to listen. Then the unexpected happens, a mother lioness, angered at Vijay for taking her cubs, attacks him, and leaves him badly wounded.","Family, Drama",0.0075,0.0005,0.008,24,0.75,0.05,0.8,low,0,33.65 Crore,65 Crore,Flop
Housefull 5,xGQuT1wm2qk,Housefull 5 | Official Trailer | Sajid Nadiadwala | Tarun Mansukhani | In Cinemas on 6th June 2025,27-05-2025 08:07,32678185,610224,38310,05-06-2025,5.276,"A father writes his will — his son ""Jolly"" is going to get it all. But who is Jolly? The comedy unfolds as different people pose as the ""real"" Jolly on a cruise celebrating the father's birthday — where a murder takes place.","Comedy, Mystery, Thriller",0.0187,0.0012,0.0198,8,1.87,0.12,1.98,low,1,165.4 Crore,240 Crore,Average
How to Train Your Dragon,22w7z_lT6YM,How To Train Your Dragon | Official Trailer,12-02-2025 13:01,44676808,261698,16546,06-06-2025,8.008,"On the rugged isle of Berk, where Vikings and dragons have been bitter enemies for generations, Hiccup stands apart, defying centuries of tradition when he befriends Toothless, a feared Night Fury dragon. Their unlikely bond reveals the true nature of dragons, challenging the very foundations of Viking society.","Fantasy, Family, Action, Adventure",0.0059,0.0004,0.0062,113,0.59,0.04,0.62,low,0,14 Crore,1423 Crore,Flop
Ballerina From John Wick,0FSwsrFpkbw,From the World of John Wick: Ballerina (2025) Official Trailer - Ana de Armas,26-09-2024 16:03,26690507,474803,24329,04-06-2025,7.323,"Taking place during the events of John Wick: Chapter 3 – Parabellum, Eve Macarro begins her training in the assassin traditions of the Ruska Roma.","Action, Thriller, Crime",0.0178,0.0009,0.0187,250,1.78,0.09,1.87,low,1,9 Crore,776 Crore,Flop
Materialists,4A_kmjtsJ7c,Materialists | Official Trailer HD | A24,18-03-2025 12:59,23026917,169887,7662,12-06-2025,6.5,"A young, ambitious New York City matchmaker finds herself torn between the perfect match and her imperfect ex.","Romance, Drama",0.0074,0.0003,0.0077,85,0.74,0.03,0.77,low,0,3.8 Crore,172 Crore,Flop
Bhool Chuk Maaf,8E_IeWynvnc,Bhool Chuk Maaf | Official Trailer | Rajkummar R | Wamiqa G | Dinesh V | Karan S | 23rd May 2025,15-05-2025 11:31,12920051,61773,3451,23-05-2025,6.175,"Ranjan, a small-town romantic boy from Banaras, lands a government job to marry Titli, but forgets to vow to Lord Shiva, causing him to be trapped in a time loop. A tale of love, fate, and redemption unfolds, as Ranjan tries to end the loop and get married.","Comedy, Romance, Science Fiction",0.0048,0.0003,0.005,7,0.48,0.03,0.5,low,0,66.6 Crore,60 Crore,Hit
Raid 2,kQF1gl7nLaU,"RAID 2 (TRAILER): Ajay D | Riteish D | Vaani K | Raj K | Abhishek P | Kumar M | Bhushan K, Krishan K",08-04-2025 07:40,65074548,592102,30125,27-03-2014,7.6,"After fighting his way through an apartment building populated by an army of dangerous criminals and escaping with his life, SWAT team member Rama goes undercover, joining a powerful Indonesian crime syndicate to protect his family and uncover corrupt members of his own force.","Action, Crime, Thriller",0.0091,0.0005,0.0096,24,0.91,0.05,0.96,low,0,158 Crore,120 Crore,Hit
Mission Impossible 8,fsQgc9pCyDU,Mission: Impossible – The Final Reckoning | Official Trailer (2025 Movie) - Tom Cruise,07-04-2025 13:00,27593390,227040,14045,17-05-2025,7.281,"Ethan Hunt and team continue their search for the terrifying AI known as the Entity — which has infiltrated intelligence networks all over the globe — with the world's governments and a mysterious ghost from Hunt's past on their trail. Joined by new allies and armed with the means to shut the Entity down for good, Hunt is in a race against time to prevent the world as we know it from changing forever.","Action, Adventure, Thriller",0.0082,0.0005,0.0087,39,0.82,0.05,0.87,low,0,100 Crore,2568 Crore,Hit
Final Destination 6,UWMzKXsY9A4,Final Destination Bloodlines | Official Trailer,25-03-2025 15:00,41386358,342867,22851,14-05-2025,7.099,"Plagued by a violent recurring nightmare, college student Stefanie heads home to track down the one person who might be able to break the cycle and save her family from the grisly demise that inevitably awaits them all.","Horror, Mystery",0.0083,0.0006,0.0088,49,0.83,0.06,0.88,low,0,56.4 Crore,341 Crore,Hit
Kesari Veer,nDAZqAuk5eM,"Kesari Veer (Trailer) Suniel Shetty, Vivek Oberoi, Akanksha Sharma, Sooraj Pancholi | Kanu Chauhan",29-04-2025 06:50,12532478,68930,4171,23-05-2025,8.5,"The movie narrates the tale of Hamirji Gohil, a brave warrior who fought against the Tughlaq Empire to protect the Somnath Temple and the Hindu faith.","Action, Drama, History",0.0055,0.0003,0.0058,23,0.55,0.03,0.58,low,0,1.5 Crore,50 Crore,Disaster
Kapkapiii,6QudgN2wmv0,"Kapkapiii Official Trailer | Sangeeth S | Shreyas T, Tusshar K, Siddhi | In Cinemas 23rd May",14-05-2025 07:17,9770421,56983,3270,23-05-2025,6,"In a men's hostel, seven bachelors try to summon a spirit via Ouija board.","Horror, Comedy",0.0058,0.0003,0.0062,8,0.58,0.03,0.62,low,0,0.75 Crore,25 Crore,Flop
Lilo & Stitch,VWqJifMMgZE,Lilo & Stitch | Official Trailer | In Theaters May 23,12-03-2025 16:00,25610271,259126,21452,17-05-2025,7.253,The wildly funny and touching story of a lonely Hawaiian girl and the fugitive alien who helps to mend her broken family.,"Family, Science Fiction, Comedy, Adventure",0.0101,0.0008,0.011,65,1.01,0.08,1.1,low,0,2.45 Crore,851 Crore,Flop
Kesari 2,r-7g08INMSI,KESARI CHAPTER 2 - OFFICIAL TRAILER | Akshay Kumar | R. Madhavan | Ananya | Karan S Tyagi | 18 April,03-04-2025 07:00,43442561,460146,20821,17-04-2025,6.763,"A dramatization of the life story of C. Sankaran Nair, the lawyer who fought for the truth behind the Jallianwala Bagh massacre.","Drama, History",0.0106,0.0005,0.0111,13,1.06,0.05,1.11,low,0,85.2 Crore,150 Crore,Flop
The Bhootnii,L8Wfzxch7Xo,"The Bhootnii (Official Trailer) | Sanjay D, Mouni R, Sunny S, Palak | Sidhaant S | Deepak M |1st May",29-03-2025 08:09,15088672,292427,57570,01-05-2025,7.5,"The Virgin Tree, based in the heart of St. Vincent's College, is home to a spirit who awakens every Valentine's Day  in response to the longing for true love. As strange incidents multiply, the Virgin Tree becomes a place of dread,  the authorities call in a veteran para-physicist to confront the entity.","Comedy, Horror, Romance",0.0194,0.0038,0.0232,32,1.94,0.38,2.32,medium,1,6.2 Crore,50 Crore,Flop
Thunderbolts,hUUszE29jS0,Marvel Studios’ Thunderbolts* | Big Game Trailer | In Theaters May 2,09-02-2025 23:54,16232946,253234,17500,30-04-2025,7.32,"After finding themselves ensnared in a death trap, seven disillusioned castoffs must embark on a dangerous mission that will force them to confront the darkest corners of their pasts.","Action, Science Fiction, Adventure",0.0156,0.0011,0.0167,79,1.56,0.11,1.67,low,1,26 Crore,1522 Crore,Flop
Jaat,#NAME?,,,,,,04-10-2010,6,"The story of Leena and Kai, a couple working in the rescue services, whose relationship falls into crisis as Kai becomes exhausted and depressed.","Drama, TV Movie",,,,24,,,,low,0,84.32 Crore,100 Crore,Average
Ground Zero,oAdc62oGzW8,Ground Zero | Official Trailer | Emraan Hashmi | Sai Tamhankar | Zoya Hussain,07-04-2025 08:00,35989826,217888,5006,26-06-2021,6.8,"A short action movie depicting the '1983 Hosan Prison Riot,' an important event in the 'PUBG Universe'.",Action,0.0061,0.0001,0.0062,24,0.61,0.01,0.62,low,0,6.75 Crore,50 Crore,Flop
Andaz Apna Apna ( Re Release),ggGMb7oVEHc,"Andaz Apna Apna | Re-Release Trailer | Aamir Khan, Salman Khan | Vinay Sinha, Rajkumar Santoshi",07-04-2025 06:52,350551,8465,611,25-04-2025,,,Unknown,0.0241,0.0017,0.0259,16,2.41,0.17,2.59,medium,1,1.25 Crore,2.9 Crore,Flop
Phule,#NAME?,,,,,,25-04-2025,0,"A biopic on Jyotiba and Savitribai Phule, considered to be a pioneering couple in India’s societal history. They are often credited for underlining the importance of the girls’ education and self-dependence.","History, Drama",,,,24,,,,low,0,4 Crore,25 Crore,Flop
Sinners,bKGxHflevuk,Sinners | Official Trailer,24-09-2024 12:57,22751741,157228,8184,16-04-2025,7.5,"Trying to leave their troubled lives behind, twin brothers return to their hometown to start again, only to discover that an even greater evil is waiting to welcome them back.","Horror, Action, Thriller",0.0069,0.0004,0.0073,203,0.69,0.04,0.73,low,0,5.5 Crore,768 Crore,Flop
Sikandar,in6mSwNbXS0,"Sikandar | Official Trailer | Salman Khan, Rashmika Mandanna | Netflix India",24-05-2025 05:30,809250,11141,729,30-03-2025,0,"The film begins after Alexander the Great (Sikander in Hindi/Urdu) conquers Persia and the Kabul valley and approaches the Indian border at Jhelum. Sohrab Modi plays the Indian king Puru (Porus to the Greeks).  The story goes that when Sikander defeated Porus and imprisoned him, he asked Porus how would he like to be treated. Porus replied the same way a defeated king is treated by the winner (meaning killed).","War, Drama, History",0.0138,0.0009,0.0147,24,1.38,0.09,1.47,low,0,107.35 Crore,200 Crore,Flop
Minecraft Movie,wJO_vIDZn-I,A Minecraft Movie | Official Trailer,19-11-2024 20:00,31575166,495745,40841,31-03-2025,6.4,"Four misfits find themselves struggling with ordinary problems when they are suddenly pulled through a mysterious portal into the Overworld: a bizarre, cubic wonderland that thrives on imagination. To get back home, they'll have to master this world while embarking on a magical quest with an unexpected, expert crafter, Steve.","Family, Fantasy, Comedy, Adventure, Action",0.0157,0.0013,0.017,131,1.57,0.13,1.7,low,1,14 Crore,1282 Crore,Flop
Chhava,hs3w32RG8L8,"Chhaava | Official Trailer | Vicky Kaushal, Rashmika Mandanna, Akshaye Khanna | Netflix India",10-04-2025 05:30,1473667,16188,740,16-02-2024,7,"Aurangzeb wished to turn Burhanpur into the capital city and appointed Bahadur Khan as the Subhedar who made the lives of its residents miserable. Unable to tolerate this, Chhatrapati Sambhaji Maharaj raids the city and saves the people from the unjust rule.","History, Drama, Action",0.011,0.0005,0.0115,24,1.1,0.05,1.15,low,0,547.4 Crore,140 Crore,Blockbuster
The Diplomat,lV6sJlBbhPs,The Diplomat | Official Trailer | Netflix,05-04-2023 14:00,3142817,21300,1122,11-01-2009,5.075,"A British diplomat is arrested on charges of working with Russian mafia. After death threats to his wife, they are taken into protective custody. Then the MI6 shows up with a new piece of the puzzle.","Action, Crime, Drama, Mystery, Thriller, TV Movie",0.0068,0.0004,0.0071,24,0.68,0.04,0.71,low,0,32.8 Crore,50 Crore,Flop
Chhava (Telugu),zMyras0t-s0,Chhaava Telugu Trailer | Vicky | Rashmika | Dinesh V | Laxman U | Allu Aravind | Bunny Vas | 7th Mar,03-03-2025 05:24,1218429,34813,1820,07-03-2025,,,Unknown,0.0286,0.0015,0.0301,16,2.86,0.15,3.01,medium,1,15.5 Crore,140 Crore,Blockbuster
Tumko Meri Kasam,YzUP-V5-lhI,"Tumko Meri Kasam - Official Trailer | Anupam Kher, Adah Sharma, Ishwak Singh, Esha Deol | 21st March",04-03-2025 07:00,10824861,62573,4458,21-03-2025,5,"""Tumko Meri Kasam"" is an emotional rollercoaster of love, betrayal, courtroom drama, and the unbreakable power of a promise made to the one you can't live without.",Unknown,0.0058,0.0004,0.0062,16,0.58,0.04,0.62,low,0,1 Crore,20 Crore,Flop
Pintu Ki Pappi,U1jm72qSaHU,Pintu Ki Pappi (Official Trailer) | Shushant | Ganesh Acharya | Jaanyaa | Viidhi | 21st March 2025,16-12-2024 12:30,5660468,17283,794,21-03-2025,2,A man starts a lucrative business with his uncle when they realise he has a special power.,"Comedy, Romance, Drama",0.0031,0.0001,0.0032,94,0.31,0.01,0.32,low,0,1.15 Crore,20 Crore,Flop
Snow White,iV46TJKL8cU,Disney’s Snow White | Official Trailer | In Theaters March 21,03-12-2024 15:01,21511711,83384,127711,19-03-2025,4.296,"Following the benevolent King's disappearance, the Evil Queen dominated the once fair land with a cruel streak. Princess Snow White flees the castle when the Queen, in her jealousy over Snow White's inner beauty, tries to kill her. Deep into the dark woods, she stumbles upon seven magical dwarves and a young bandit named Jonathan. Together, they strive to survive the Queen's relentless pursuit and aspire to take back the kingdom.","Family, Fantasy",0.0039,0.0059,0.0098,105,0.39,0.59,0.98,low,0,3.05 Crore,2150 Crore,Flop
Crazxy,sHfnlnyjD-E,Crazxy - Official Trailer | Sohum Shah | Girish Kohli | In Cinemas 28th Feb 2025,17-02-2025 12:15,1133548,23286,529,28-02-2025,5.2,"A renowned surgeon, Abhimanyu Sood is carrying ₹5 crores for a hush hush settlement that will save him from going to jail, when he gets a chilling phone call—his 16-year-old daughter, Vedica, has been kidnapped. The ransom? The exact amount he is carrying right now. Is this even a real kidnapping—or an elaborate trap?",Thriller,0.0205,0.0005,0.021,10,2.05,0.05,2.1,medium,1,10.6 Crore,20 Crore,Flop
Superboys Of Malegaon,G_uJ0BNKKwI,Superboys of Malegaon | Official Trailer,06-09-2024 06:30,445832,4020,98,27-02-2025,7.6,"The residents of Malegaon look to Bollywood cinema for a much-needed escape from daily drudgery. Amateur filmmaker Nasir Shaikh gets inspired to make a film for the people of Malegaon, by the people of Malegaon. He bands together his ragtag group of friends to bring his vision to life, thereby bringing a fresh lease of life into the town.","Comedy, Drama",0.009,0.0002,0.0092,173,0.9,0.02,0.92,low,0,3.1 Crore,20 Crore,Flop
Mere Husband Ki Biwi,kPDPBU8eVuo,"Mere Husband Ki Biwi | Official Trailer | Arjun, Rakul, Bhumi | Mudassar | 21 Feb",01-02-2025 09:53,23837569,236624,6547,21-02-2025,5.8,A Delhi professional faces a love triangle when his old flame returns as he falls for someone new. This leads to a series of comedic misunderstandings in his relationships.,Comedy,0.0099,0.0003,0.0102,19,0.99,0.03,1.02,low,0,9.65 Crore,60 Crore,Flop
Captain America 4,1pHDWnXmK7Y,Captain America: Brave New World | Official Trailer,09-11-2024 21:16,27175810,396463,26913,12-02-2025,6,"After meeting with newly elected U.S. President Thaddeus Ross, Sam finds himself in the middle of an international incident. He must discover the reason behind a nefarious global plot before the true mastermind has the entire world seeing red.","Action, Thriller, Science Fiction",0.0146,0.001,0.0156,94,1.46,0.1,1.56,low,0,17.2 Crore,1561 Crore,Flop
Sanam teri Kasam ( Re Release),XXQaKHlyC1o,"Sanam Teri Kasam - Re Releasing Trailer | 7th Feb 2025 | Harshvardhan, Mawra, Radhika, Vinay, Deepak",04-02-2025 06:10,1590956,38479,1276,07-02-2025,,,Unknown,0.0242,0.0008,0.025,16,2.42,0.08,2.5,medium,1,32.06 Crore,21 Crore,Hit
Badass Ravi Kumar,hWBdGt_CaZM,BADASS RAVI KUMAR OFFICIAL TRAILER | Himesh Reshammiya| In Cinemas 7th February,05-01-2025 04:45,85083830,508585,50244,07-02-2025,2,The Xpose franchise now goes to the next level  with Himesh Reshammiya doing a spin off from his iconic character Ravi Kumar.,"Action, Music, Comedy",0.006,0.0006,0.0066,32,0.6,0.06,0.66,low,0,8.85 Crore,20 Crore,Flop
Loveyapa,Z9vvCoW5Ru0,Loveyapa - Trailer | Khushi & Junaid  | In Cinemas 7th Feb,11-01-2025 09:30,8961,44,1,07-02-2025,5.429,The madness after a couple exchanges their mobile phones and begins to unearth bitter truth about each other.,"Comedy, Drama, Romance",0.0049,0.0001,0.005,26,0.49,0.01,0.5,low,0,6.25 Crore,60 Crore,Disaster
Deva,3x77q40hATw,Deva | Official Trailer l Shahid Kapoor | Pooja Hegde | Rosshan Andrrews | In Cinemas 31stJanuary,17-01-2025 07:53,38388122,372593,10173,31-01-2025,8.5,,Drama,0.0097,0.0003,0.01,14,0.97,0.03,1,low,0,32.8 Crore,80 Crore,Flop
Skyforce,PKsVB1wPZ78,Sky Force | Official Trailer | Akshay Kumar | Veer P | Sara | Nimrat | Dinesh Vijan | 24th Jan 2025,05-01-2025 05:41,41188284,240627,25700,24-01-2025,,,Unknown,0.0058,0.0006,0.0065,16,0.58,0.06,0.65,low,0,109.8 Crore,140 Crore,Average
Interstellar ( Re Release),2LqzF5WauAw,Interstellar Movie - Official Trailer,16-05-2014 17:56,8103618,40758,3423,07-02-2025,,,Unknown,0.005,0.0004,0.0055,16,0.5,0.04,0.55,low,0,15.8 Crore,1400 Crore,Super Hit
Emergency,FVi9hlvQOrg,Emergency - Official Trailer | Prime Video,03-05-2022 14:59,7877933,7957,623,17-01-2025,0,"An armed man breaks into a family's home during a terrible thunderstorm. Aired on Oct 15, 1953 as Season 2, Episode 3 of The Ford Television Theatre.","Mystery, Crime",0.001,0.0001,0.0011,24,0.1,0.01,0.11,low,0,16.9 Crore,60 Crore,Flop
Pushpa 2 (Hindi),1kVK0MZlbI4,Pushpa 2 - The Rule Trailer (Hindi) | Allu Arjun | Sukumar | Rashmika Mandanna | Fahadh Faasil | DSP,17-11-2024 12:33,115013139,1817650,61667,17-01-2025,,,Unknown,0.0158,0.0005,0.0163,16,1.58,0.05,1.63,low,1,713.35 Crore,500 Crore,Blockbuster
Azaad,WvUijIdiq5U,"Azaad Official Trailer | Ajay D, Abhishek K, Ronnie S, Pragya K, Diana P, Aaman D, Rasha T | 17 Jan",06-01-2025 07:30,20316880,148857,3389,17-01-2025,6,"This is the story of a eccentric young man, Ashok (Dharmendra) who believes in doing good without worrying about the consequences. This does not find any favor with his sister-in-law Sarla (Sulochana), and she decides to leave him. But he persuades her to come back, and he decides to relocate and not cause any more trouble for Sarla. On his way he has a skirmish with the a princess Rajkumari Seema (Hema Malini) who he teaches a lesson to respect the poor and food grown in the fields. When he arrives in the city, due to his misfortune, he lands a job at a factory run by the Rajkumari, and immediately gets in to the bad books of Prem (Prem Chopra) to whom the Rajkumari is engaged to be married.",Unknown,0.0073,0.0002,0.0075,16,0.73,0.02,0.75,low,0,6.9 Crore,80 Crore,Disaster
Fateh,5efGUAV9Vv8,Fateh - Official Trailer | Sonu Sood | Jacqueliene Fernandez | Naseeruddin Shah | 10th January 2025,23-12-2024 12:14,798926,18370,856,10-01-2025,1,"The Major, aided by three other military commandos, undertakes a mission to bring to justice an evil arms dealer and drugs smuggler.",Unknown,0.023,0.0011,0.0241,16,2.3,0.11,2.41,medium,1,11.75 Crore,40 Crore,Flop
Gamechanger (Hindi),QSu9-DBjMPI,Game Changer Trailer (Hindi) | Ram Charan | Kiara Advani | Shankar | Thaman S | Dil Raju | Shirish,02-01-2025 15:20,26985491,307454,9160,10-01-2025,,,Unknown,0.0114,0.0003,0.0117,16,1.14,0.03,1.17,low,0,28.35 Crore,450 Crore,Disaster
Gamechanger (All Languages),QSu9-DBjMPI,Game Changer Trailer (Hindi) | Ram Charan | Kiara Advani | Shankar | Thaman S | Dil Raju | Shirish,02-01-2025 15:20,26985491,307454,9160,10-01-2025,,,Unknown,0.0114,0.0003,0.0117,16,1.14,0.03,1.17,low,0,127.75 Crore,450 Crore,Disaster
Yeh Jawani Hain Deewani ( Re Release),Rbp2XUSeUNE,"Yeh Jawaani Hai Deewani - Official Trailer | Ranbir Kapoor, Deepika Padukone",19-03-2013 11:51,11809158,97777,1659,03-01-2025,,,Unknown,0.0083,0.0001,0.0084,16,0.83,0.01,0.84,low,0,20.52 Crore,75 Crore,Blockbuster
Pushpa 2 ( All Languages),1kVK0MZlbI4,Pushpa 2 - The Rule Trailer (Hindi) | Allu Arjun | Sukumar | Rashmika Mandanna | Fahadh Faasil | DSP,17-11-2024 12:33,115013139,1817650,61667,05-12-2024,,,Unknown,0.0158,0.0005,0.0163,16,1.58,0.05,1.63,low,1,1132 Crore,500 Crore,Blockbuster
Baby John,qyRn3rPRw8w,"Baby John - Trailer | Atlee | Varun Dhawan, Keerthy Suresh, Wamiqa G, Jackie Shroff | 25th Dec",09-12-2024 12:00,72921406,501953,52842,25-12-2024,6,"John's peaceful life with daughter Khushi is disrupted by a sex-trafficking gang. Revealing his past as DCP Satya, he seeks revenge for his family's murder, saving minor girls and punishing the criminals, before starting anew.","Action, Drama, Thriller, Crime",0.0069,0.0007,0.0076,15,0.69,0.07,0.76,low,0,37.8 Crore,160 Crore,Disaster
Kaho Na Pyaar Hain ( Re Release),gsV-IjYLiYI,KAHO NAA... PYAAR HAI - Official Trailer | Returns To Big Screens | 10th January 2025,07-01-2025 12:27,218386,3484,216,10-01-2025,,,Unknown,0.016,0.001,0.0169,16,1.6,0.1,1.69,low,1,0.5 Crore,10 Crore,Blockbuster
Sonic 3,qSu6i2iFMO0,"Sonic the Hedgehog 3 | Official Trailer (2024 Movie) Ben Schwartz, Jim Carrey, Keanu Reeves",27-08-2024 13:00,29086261,384514,28296,19-12-2024,7.651,"Sonic, Knuckles, and Tails reunite against a powerful new adversary, Shadow, a mysterious villain with powers unlike anything they have faced before. With their abilities outmatched in every way, Team Sonic must seek out an unlikely alliance in hopes of stopping Shadow and protecting the planet.","Action, Science Fiction, Comedy, Family",0.0132,0.001,0.0142,113,1.32,0.1,1.42,low,0,2.3 Crore,1046 Crore,Flop
Mufasa The Lion King,o17MF9vnabg,Mufasa: The Lion King | Official Trailer,10-08-2024 05:01,34736701,316561,19809,18-12-2024,7.355,"Mufasa, a cub lost and alone, meets a sympathetic lion named Taka, the heir to a royal bloodline. The chance meeting sets in motion an expansive journey of a group of misfits searching for their destiny.","Adventure, Family, Animation",0.0091,0.0006,0.0097,129,0.91,0.06,0.97,low,0,120 Crore,1716 Crore,Super Hit
Vanvaas,M-zXaiaJqhA,Vanvaas Official Trailer | Anil Sharma | Nana P | Utkarsh S | Simrat K | In Cinemas 20th December,02-12-2024 08:20,19161581,131478,4889,20-12-2024,7,"Explores the dynamics of familial relationships, focusing on themes of sacrifice, emotional bonds, and the challenges of sustaining unity in modern times. The story delves into the lives of its central characters as they navigate conflicts and rediscover the importance of family values.",Drama,0.0069,0.0003,0.0071,17,0.69,0.03,0.71,low,0,4.65 Crore,30 Crore,Flop
Moana 2,hDZ7y8RP5HE,Moana 2 | Official Trailer,10-08-2024 02:29,22054392,206951,0,21-11-2024,7.029,"After receiving an unexpected call from her wayfinding ancestors, Moana journeys alongside Maui and a new crew to the far seas of Oceania and into dangerous, long-lost waters for an adventure unlike anything she's ever faced.","Family, Comedy, Adventure, Animation, Fantasy",0.0094,0,0.0094,102,0.94,0,0.94,low,0,23 Crore,1264 Crore,Hit
Sabarmati Report,Mjtv0KkgCqM,"The Sabarmati Report | Official Trailer | Vikrant M, Raashii K, Ridhi D | Ektaa K | InCinemas Nov 15",06-11-2024 15:57,23379856,236123,6267,14-11-2024,5,"A Hindi reporter struggles with a deadly fact when a train full of Karsewaks is set ablaze in Godhra. Years later, he is asked to help expose the Sabarmati Incident backed by a buried report.","Drama, Thriller, Crime",0.0101,0.0003,0.0104,7,1.01,0.03,1.04,low,0,26.25 Crore,50 Crore,Flop
Singham Again,MD7v0-igVIM,Singham Again | Official Trailer | A Rohit Shetty Cop Universe | In Cinemas 1st Nov,07-10-2024 07:43,64507863,1171404,95960,01-11-2024,4.8,The cop universe expands with newer additions while the old ones return led by Bajirao Singham. Singham Again interweaves the mythological epic Ramayana's good vs evil narrative when his wife Avni Kamath gets abducted by Danger Lanka setting Bajirao and his gang of Sangram Bhalerao and Veer Sooryavanshi along with Satya and Shakti Shetty on a mission to rescue her.,"Action, Drama, Thriller, Crime",0.0182,0.0015,0.0196,24,1.82,0.15,1.96,low,1,243.6 Crore,375 Crore,Flop
Bhool Bhulaiyaa 3,6YMY62tMLUA,"Bhool Bhulaiyaa 3 (Official Trailer): Kartik Aaryan,Vidya B,Madhuri D,Triptii | Anees B | Bhushan K",09-10-2024 09:00,81369683,1241072,43313,01-11-2024,5.7,"Rooh Baba ventures into a haunted mansion in the kingdom of Raktaghat in West Bengal, where he confronts two vengeful spirits, both asserting to be Manjulika.","Horror, Comedy",0.0153,0.0005,0.0158,22,1.53,0.05,1.58,low,0,240.9 Crore,150 Crore,Super Hit
Kanguva ( All Languages),ajnCMSC4VPo,Kanguva - Tamil Trailer | Suriya | Bobby Deol | Devi Sri Prasad | Siva | Studio Green | UV Creations,12-08-2024 07:28,38489145,951784,40871,14-11-2024,,,Unknown,0.0247,0.0011,0.0258,16,2.47,0.11,2.58,medium,1,68.1 Crore,350 Crore,Disaster
Naam,nKfzqJSZdq4,Naam Official Trailer | Ajay Devgn | Anees Bazmee | Anil Roöngta | 22nd Nov Release,07-11-2024 13:01,8330379,49062,2624,22-11-2024,0,A man wakes up with no memory and sets out on a quest to discover who or what he is.,Mystery,0.0059,0.0003,0.0062,14,0.59,0.03,0.62,low,0,1 Crore,20 Crore,Flop
I Want to Talk,kZXlMsupVz8,I Want To Talk - Trailer | Shoojit Sircar | Abhishek A Bachchan | Rising Sun Films | Kino Works,05-11-2024 07:30,879818,11076,564,22-11-2024,7.5,"'Sometimes life gives us a second chance,' and for Arjun settled in the USA in pursuit of The American Dream, it's an opportunity to rediscover and embrace precious relationships, especially with his daughter as they both try to navigate through whatever life throws at them. Whatever!","Drama, Family",0.0126,0.0006,0.0132,16,1.26,0.06,1.32,low,0,1.75 Crore,40 Crore,Disaster
Karan Arjun ( Re-Release),0dPcNI7_gLo,Karan Arjun (Official Trailer): Salman Khan | Shahrukh Khan | Kajol | Rakesh Roshan | Hrithik Roshan,13-11-2024 04:51,5885565,65394,2836,22-11-2024,,,Unknown,0.0111,0.0005,0.0116,16,1.11,0.05,1.16,low,0,1.3 Crore,6 Crore,All Time Blockbuster
Wicked (3D),6COmYeLsz4c,Wicked - Official Trailer,15-05-2024 15:00,22893286,310801,19019,,,,Unknown,0.0136,0.0008,0.0144,16,1.36,0.08,1.44,low,0,1.2 Crore,1264 Crore,Flop
Kal Ho Na Ho ( Re-Release),tVMAQAsjsOU,"Kal Ho Naa Ho - Movie - Theatrical Trailer - Shahrukh Khan, Saif Ali Khan, Preity Zinta",29-09-2011 15:34,3224189,25702,872,15-11-2024,,,Unknown,0.008,0.0003,0.0082,16,0.8,0.03,0.82,low,0,3.5 Crore,28 Crore,Hit
Kanguva ( Hindi),bdQF3fwv5mw,Kanguva - Hindi Trailer | Suriya | Bobby Deol | Devi Sri Prasad | Siva | Studio Green | UV Creations,13-08-2024 03:30,24695043,345539,11269,14-11-2024,,,Unknown,0.014,0.0005,0.0144,16,1.4,0.05,1.44,low,0,12.8 Crore,350 Crore,Flop
Kahan Shuru Kahan Khatam,nJnNG0oy098,"Kahan Shuru Kahan Khatam | Trailer | Dhvani B, Aashim G, Saurabh D, Laxman Utekar, Vinod B | Sept 20",23-08-2024 17:05,456944,0,186,20-09-2024,2,"Meera is about to get married against her wishes and she decides to escape on the wedding day. On the run now, she bumps into a serial wedding crasher, who reluctantly decides to help her and the two develop an unlikely bond. Meanwhile, Meera’s family come to look for her and the chaos ensues when the circumstances make it seem like she has run away with him.","Comedy, Drama",0,0.0004,0.0004,27,0,0.04,0.04,low,0,2.8 Crore,30 Crore,Flop
Love Sex Aur Dhokha 2,4A10SL637p8,Love Sex Aur Dhokha 2 | Official Trailer | Dibakar Banerjee | Ektaa R Kapoor | In Cinemas 19th April,12-04-2024 09:46,1886660,3792,180,19-04-2024,5.9,"In a high-tech world, three intertwined stories discuss identity, online intimacy and the allure of social networks.","Drama, Comedy, Crime",0.002,0.0001,0.0021,6,0.2,0.01,0.21,low,0,0.8 Crore,20 Crore,Disaster
